USE creditos
GO

-- Insercción de datos dummy
INSERT INTO source.customers (customer_id)
VALUES
(101),
(102),
(103),
(104),
(105),
(106),
(107),
(108),
(109),
(110);

INSERT INTO source.credits (
credit_id,
    customer_id,
    origination_date,
    amount,
    term_months,
    interest_rate,
    status
)
VALUES
(301, 101, '2024-05-01', 10000.00, 12, 0.1200, 'closed'),
(311, 111, '2024-05-28', 92000.00, 15, 0.1520, 'active'),
(302, 102, '2024-06-02', 15000.00, 15, 0.1550, 'late'),
(303, 103, '2024-07-03', 25000.00, 24, 0.2450, 'active'),
(304, 104, '2024-08-04', 60000.00, 12, 0.1200, 'default'),
(305, 105, '2024-09-05', 90000.00, 12, 0.1200, 'closed'),
(306, 106, '2024-10-06', 70000.00, 12, 0.1200, 'active'),
(307, 107, '2024-11-07', 58000.00, 48, 0.4880, 'default'),
(308, 108, '2024-12-08', 35000.00, 36, 0.3650, 'late'),
(309, 109, '2025-03-09', 92000.00, 15, 0.1520, 'active'),
(310, 110, '2025-02-10', 20000.00, 12, 0.1200, 'active'),
(312, 112, '2025-02-10', 20000.00, 12, 0.1200, 'late');

INSERT INTO source.payments (
    payment_id,
    credit_id,
    payment_date,
    amount_paid,
    days_late
)
VALUES
(9002, 302, '2024-07-10', 1850.00, 2),
(9003, 303, '2024-08-15', 2100.00, 0),
(9004, 304, '2024-10-01', 1200.00, 95),
(9006, 306, '2024-11-20', 3500.00, 0),
(9007, 307, '2024-12-05', 950.00, 120),
(9008, 308, '2025-01-12', 2400.00, 1),
(9009, 309, '2025-04-10', 5000.00, 0),
(9010, 310, '2025-03-05', 1700.00, 0)
(9011, 311, '2024-06-10', 5000.00, 3),
(9012, 312, '2025-04-05', 1700.00, 0);

